热门查询,点击次数,展示,点击率,排名
конвертировать heic в png,3,10,30%,3.3
画像圧縮,1,279,0.36%,8.8
画像 圧縮,1,147,0.68%,8.68
конвертировать heic в jpg,1,22,4.55%,8.45
cambiar tamaño de imagen,1,14,7.14%,10.64
уменьшить фото,1,8,12.5%,9.75
конвертация heic в png,1,2,50%,3
конвертировать из heic в png,1,2,50%,3
конвертировать хеик в джипег,1,2,50%,7.5
перекодировать heic в jpg,1,1,100%,3
конвертировать из heic в jpeg,1,1,100%,5
cambiar resolucion de imagen,1,1,100%,18
webp a jpg,0,337,0%,9.63
convertir webp a jpg,0,164,0%,9.61
de webp a jpg,0,59,0%,9.81
pasar de webp a jpg,0,51,0%,9.75
уменьшить размер фото,0,47,0%,10.3
из heic в jpg,0,42,0%,8.38
convertir archivo webp a jpg,0,35,0%,9.6
heic to webp,0,32,0%,8.97
convertir de webp a jpg,0,30,0%,9.4
pasar webp a jpg,0,30,0%,9.7
удалить метаданные с фото,0,27,0%,7.33
web a jpg,0,25,0%,9.24
heic to jpg,0,25,0%,11.12
webp to jpg,0,25,0%,13.84
convertir imagen webp a jpg,0,22,0%,9.41
png to jpg,0,22,0%,32.18
хейк в джипег,0,18,0%,8.83
写真圧縮,0,17,0%,10.47
из heic в png,0,16,0%,5.44
heic в png,0,16,0%,5.81
写真 圧縮,0,15,0%,10.87
хеик в джипег,0,14,0%,8.64
уменьшить вес фото,0,14,0%,12.21
transformar webp a jpg,0,13,0%,9.38
cambiar de webp a jpg,0,13,0%,9.92
imagen webp a jpg,0,12,0%,9.75
archivo webp a jpg,0,12,0%,9.83
из хеик в джипег,0,11,0%,8.64
convertidor webp a jpg,0,10,0%,9.3
з heic в png,0,10,0%,9.4
.webp a jpg,0,10,0%,9.6
convertidor de webp a jpg,0,10,0%,10.2
хеик в пнг,0,9,0%,4.67
heif jpg 변환,0,9,0%,4.89
heic to png,0,9,0%,8.67
pasar archivo webp a jpg,0,9,0%,9.33
webp a jpg online,0,8,0%,9.25
конвертер heic в jpg,0,8,0%,9.25
heic в jpg,0,8,0%,9.5
cambiar webp a jpg,0,8,0%,10
удаление метаданных с фото,0,7,0%,7.71
из хейк в джипег,0,7,0%,8.57
преобразовать heic в jpg,0,7,0%,8.57
убрать метаданные с фото,0,7,0%,9
png in jpg,0,7,0%,30
из хайк в пнг,0,6,0%,4
из хеик в пнг,0,6,0%,5.5
конвертировать из heic в jpg,0,6,0%,5.5
تحويل من heic الى png,0,6,0%,7.17
конвертация heic в jpg,0,6,0%,7.33
перевести heic в jpg,0,6,0%,8.17
из webp в jpg,0,6,0%,8.5
transformar de webp a jpg,0,6,0%,8.83
cambiar formato webp a jpg,0,6,0%,9.33
avif browser support,0,6,0%,9.83
сжать фото онлайн,0,6,0%,19.33
圧縮 画像,0,5,0%,6.4
конвертировать heic в jpeg,0,5,0%,7.6
очистить метаданные фото,0,5,0%,8.4
с heic в jpg,0,5,0%,8.4
переформатировать heic в jpg,0,5,0%,8.6
convertir web a jpg,0,5,0%,9
сжать фото,0,5,0%,9
вебп в джипег,0,5,0%,9.4
convertir image webp a jpg,0,5,0%,9.6
de archivo webp a jpg,0,5,0%,9.6
de web a jpg,0,5,0%,9.8
з heic в jpg,0,5,0%,9.8
convertir archivos webp a jpg,0,5,0%,10.2
png to jpg converter,0,5,0%,60.6
конвертер heic в png,0,4,0%,3
из хейк в пнг,0,4,0%,3.75
heic в пнг,0,4,0%,4.75
конвертувати heic в png,0,4,0%,8.25
почистить метаданные фото,0,4,0%,8.25
преобразовать avif в jpg,0,4,0%,8.25
з хейк в джипег,0,4,0%,8.75
конвертер webp в jpg,0,4,0%,8.75
conversor de webp a jpg,0,4,0%,9.5
convertir de .webp a jpg,0,4,0%,9.5
heic to webp converter,0,4,0%,9.5
wepb a jpg,0,4,0%,9.5
convertir .webp a jpg,0,4,0%,9.75
transformar archivo webp a jpg,0,4,0%,10
конвертор avif в jpg,0,4,0%,11
png in jpg umwandeln,0,4,0%,28.75
png a jpg,0,4,0%,33
heif to jpg,0,4,0%,72.25
перевести heic в png,0,3,0%,3.67
из heic в пнг,0,3,0%,5
конвертировать хайк в пнг,0,3,0%,5
преобразовать heic в png,0,3,0%,5
"what are the most recent online tools and methods for converting png to jpg
files compared to each other?",0,3,0%,5.67
avif png 변환,0,3,0%,6
convertir imagenes webp a jpg,0,3,0%,7.67
heic в jpeg,0,3,0%,8
уменьшение веса фото,0,3,0%,8.33
изменить вес фото онлайн,0,3,0%,8.67
تحويل الصور من heic إلى png,0,3,0%,8.67
конвертировать хейк в джипег,0,3,0%,9
сжать изображение онлайн,0,3,0%,9
файл heic в jpg,0,3,0%,9
cambiar archivo webp a jpg,0,3,0%,9.33
convert heic to webp,0,3,0%,9.33
convertir wepb a jpg,0,3,0%,9.33
webp ajpg,0,3,0%,9.33
конвертировать avif в jpg онлайн бесплатно,0,3,0%,9.33
cambiar imagen webp a jpg,0,3,0%,9.67
convertidor de web a jpg,0,3,0%,9.67
конвертировать фото heic в jpg,0,3,0%,9.67
convertir imagen web a jpg,0,3,0%,10
уменьшить размер фото без потери качества,0,3,0%,10
.web a jpg,0,3,0%,10.33
фото из heic в jpg,0,3,0%,10.33
de .webp a jpg,0,3,0%,10.67
cambiar tamaño imagen,0,3,0%,13
ajustar tamaño de imagen,0,3,0%,15.33
change png to jpg online,0,3,0%,20.33
bildgröße ändern,0,3,0%,39
convert png to jpg,0,3,0%,52.67
webp jpg 변환,0,3,0%,57.67
avif to jpg,0,3,0%,61
como comprimir imagenes masivamente online gratis,0,3,0%,61.33
größe von webp bild ändern,0,3,0%,84
хейк в пнг,0,2,0%,3
конвертация из хейк в джипег,0,2,0%,3.5
can i use avif browser support 2026,0,2,0%,4.5
heic в png онлайн,0,2,0%,5
what is avif,0,2,0%,6
изменить формат фото с heic в jpg,0,2,0%,6
переделать из heic в jpg,0,2,0%,6
хайк в пнг,0,2,0%,6
конвертировать webp в jpg,0,2,0%,6.5
хеик в jpg,0,2,0%,6.5
تحويل الصورة من heic الى png,0,2,0%,6.5
стереть метаданные с фото,0,2,0%,7
avif browser support 2026 caniuse,0,2,0%,7.5
heic to web,0,2,0%,7.5
webp a img,0,2,0%,7.5
как сузить фото,0,2,0%,7.5
cambiar tamaño imagen online,0,2,0%,8
webp a jpeg,0,2,0%,8
снизить вес фото,0,2,0%,8
تحويل heic الى png,0,2,0%,8
convertir heic a png,0,2,0%,8.5
wep a jpg,0,2,0%,8.5
изменить вес фото,0,2,0%,8.5
перевод heic в jpg,0,2,0%,8.5
снизить размер фото,0,2,0%,8.5
cambiar dimensiones de una imagen,0,2,0%,9
convertidor de archivo webp a jpg,0,2,0%,9
convertir wep a jpg,0,2,0%,9
pasar .webp a jpg,0,2,0%,9
pasar imagen webp a jpg,0,2,0%,9
формат heic в jpg,0,2,0%,9
формат фото heic в jpg,0,2,0%,9
avif support browser,0,2,0%,9.5
convertir webp a jpeg,0,2,0%,9.5
heic a png,0,2,0%,9.5
pasar archivo web a jpg,0,2,0%,9.5
pasar de web a jpg,0,2,0%,9.5
transformar imagen webp a jpg,0,2,0%,9.5
wepb a jpeg,0,2,0%,9.5
convertidor de imagen webp a jpg,0,2,0%,10
convertir webp to jpg,0,2,0%,10
gazou 圧縮,0,2,0%,10
heic in png,0,2,0%,10
pasar de archivo webp a jpg,0,2,0%,10
web ajpg,0,2,0%,10
уменьшить фото онлайн,0,2,0%,10
хек в пнг,0,2,0%,10
convertir formato webp a jpg,0,2,0%,10.5
is avif supported by all browsers,0,2,0%,10.5
перевести heic в jpeg,0,2,0%,10.5
сузить фото,0,2,0%,11
уменьшит размер фото,0,2,0%,11
convertidor de tamaño de imagen,0,2,0%,14.5
из heic в jpeg,0,2,0%,15.5
уменьшить изображение,0,2,0%,15.5
画像 容量 圧縮,0,2,0%,17.5
online png to jpg,0,2,0%,18
ajustar tamaño imagen,0,2,0%,18.5
png to jpg online,0,2,0%,20
convert png to jpg online,0,2,0%,20.5
webp파일변환,0,2,0%,20.5
конвертер avif в jpg,0,2,0%,20.5
уменьшить размер изображения,0,2,0%,20.5
уменьшить фото в пикселях,0,2,0%,22.5
сжать изображение,0,2,0%,23.5
写真 容量 軽く,0,2,0%,25.5
png convert to jpg,0,2,0%,26.5
umwandeln png in jpg,0,2,0%,27.5
png jpg,0,2,0%,29.5
уменьшить изображение онлайн,0,2,0%,33
how to convert png to jpg,0,2,0%,37.5
medida de foto,0,2,0%,40
heif to png,0,2,0%,55
png to,0,2,0%,56
jpg to webp,0,2,0%,67.5
画像 サイズ 変換,0,2,0%,68
convert heif to jpg,0,2,0%,71.5
whats .avif,0,1,0%,1
heic to png без потери качества,0,1,0%,3
перевод из heic в png,0,1,0%,3
تحويل صورة من heic الى png,0,1,0%,3
их heic в png,0,1,0%,4
конвертировать хеик в пнг,0,1,0%,4
с heic в png,0,1,0%,4
画像アシュク,0,1,0%,4
heic конвертировать в jpg,0,1,0%,5
heif to webp,0,1,0%,5
heif в jpg,0,1,0%,5
из хейс в пнг,0,1,0%,5
рушс в пнг,0,1,0%,5
хейк в jpg,0,1,0%,5
caniuse avif browser support 2026,0,1,0%,6
webpp a jpg,0,1,0%,6
конвертирование heic в jpg,0,1,0%,6
удалить метаданные фото,0,1,0%,6
ухудшение фото,0,1,0%,6
"c;fnm bpj,hf;tybt",0,1,0%,7
mdn avif browser support,0,1,0%,7
изменить формат фото heic на jpg,0,1,0%,7
конвертация webp в jpg,0,1,0%,7
конвертер фото heic в jpg,0,1,0%,7
перевести webp в jpg,0,1,0%,7
снизить качество фото,0,1,0%,7
форматувати heic в jpg,0,1,0%,7
تحويل الصور من webp الى jpg,0,1,0%,7
تحويل من webp الى jpg,0,1,0%,7
사진 정보 지우기,0,1,0%,7
5zn5pzwdg0ihoswefsvlcktyxpey j1gphyf0vb0muo=.webp,0,1,0%,8
avif can i use,0,1,0%,8
bp heic to jpg,0,1,0%,8
cambiar de tamaño foto,0,1,0%,8
cambiar resolucion imagen,0,1,0%,8
convertir imagen .webp a jpg,0,1,0%,8
heic 2 png,0,1,0%,8
jpg to webp app,0,1,0%,8
конвертация хеик в джипег,0,1,0%,8
конвертировать авиф в джипег,0,1,0%,8
переконвертировать heic в jpg,0,1,0%,8
понизить качество фото,0,1,0%,8
преобразование heic в jpg,0,1,0%,8
с хеик в джипег,0,1,0%,8
сделать размер фото меньше,0,1,0%,8
сузить изображение онлайн,0,1,0%,8
уменьшить память фото,0,1,0%,8
хейк в жпг,0,1,0%,8
хейч в джипег,0,1,0%,8
تحويل webp الى jpg,0,1,0%,8
画像 webp,0,1,0%,8
cambiar de archivo webp a jpg,0,1,0%,9
cambiar de formato webp a jpg,0,1,0%,9
cambiar dimensiones foto,0,1,0%,9
cambiar resolucion foto,0,1,0%,9
conversor webp a jpg,0,1,0%,9
convertidor de imagenes webp a jpg,0,1,0%,9
convertir .webp en jpg,0,1,0%,9
convertir imagen web en jpg,0,1,0%,9
convertir un archivo webp a jpg,0,1,0%,9
de pagina web a jpg,0,1,0%,9
foto webp a jpg,0,1,0%,9
redimensionar imagen,0,1,0%,9
web p a jpg,0,1,0%,9
з heic в jpeg,0,1,0%,9
как переформатировать heic в jpeg,0,1,0%,9
конвертація heic в jpg,0,1,0%,9
конвертер хейс в джипег,0,1,0%,9
перевести heif в jpg,0,1,0%,9
перевод файла webp в jpg,0,1,0%,9
сжать размер изображения,0,1,0%,9
сжать размер фото,0,1,0%,9
уменьшение размера фото,0,1,0%,9
уменьшить вес картинки,0,1,0%,9
уменьшить картинку в размере,0,1,0%,9
уменьшить качество фотографии,0,1,0%,9
уменьшить размер фотографий,0,1,0%,9
хеик в джпег,0,1,0%,9
archivo web a jpg,0,1,0%,10
cambiar el tamaño de una imagen,0,1,0%,10
cambiar tamaño jpg,0,1,0%,10
cambiar un archivo webp a jpg,0,1,0%,10
conversor de imagen webp a jpg,0,1,0%,10
converti png in jpg,0,1,0%,10
convertidor web a jpg,0,1,0%,10
convertir archivo web en jpg,0,1,0%,10
convertir de heic a png,0,1,0%,10
convertir una imagen webp a jpg,0,1,0%,10
convertir webp jpg,0,1,0%,10
convertire png in jpg,0,1,0%,10
de archivo web a jpg,0,1,0%,10
de web ajpg,0,1,0%,10
de wep a jpg,0,1,0%,10
de wepb a jpg,0,1,0%,10
heic в джипег,0,1,0%,10
imagen web a jpg,0,1,0%,10
pasar a web,0,1,0%,10
pasar de formato webp a jpg,0,1,0%,10
pasar imagenes webp a jpg,0,1,0%,10
pasar web a jpg,0,1,0%,10
web to jpg,0,1,0%,10
wed a jpg,0,1,0%,10
what is avif file,0,1,0%,10
изменить фото в пикселях,0,1,0%,10
как из формата heic сделать jpg,0,1,0%,10
как удалить метаданные с фото,0,1,0%,10
как уменьшить вес фото,0,1,0%,10
конвертация heic,0,1,0%,10
конвертировать avif в jpg онлайн,0,1,0%,10
конвертировать хайк в джипег,0,1,0%,10
конвертировать хейс в jpg,0,1,0%,10
нейк в джипег,0,1,0%,10
преобразовать хеик в джипег,0,1,0%,10
сдать фото,0,1,0%,10
сжать изображение по пикселям,0,1,0%,10
сжать картинку,0,1,0%,10
сэать фото,0,1,0%,10
уменшить фото,0,1,0%,10
уменьшить картинку онлайн,0,1,0%,10
уменьшить качество фото,0,1,0%,10
уменьшить размер фото онлайн,0,1,0%,10
форматирование фото из heic в jpg,0,1,0%,10
хеик в джепег,0,1,0%,10
хеик в джпг,0,1,0%,10
цуиз ещ озп,0,1,0%,10
afiv to jpg,0,1,0%,11
avif в jpg,0,1,0%,11
cambiar de .webp a jpg,0,1,0%,11
cambiar de web a jpg,0,1,0%,11
cambiar formato de webp a jpg,0,1,0%,11
cambiar pixeles foto,0,1,0%,11
convertir un webp a jpg,0,1,0%,11
convertir web to jpg,0,1,0%,11
convertir wepp a jpg,0,1,0%,11
heic webp,0,1,0%,11
heic перевести в jpg,0,1,0%,11
mdn avif image format browser support official,0,1,0%,11
wepd to jpg,0,1,0%,11
как heic перевести в jpg,0,1,0%,11
перевести хеик в джипег,0,1,0%,11
уменшить размер фото,0,1,0%,11
уменьшить вес фото без потери качества,0,1,0%,11
уменьшить фото по размеру,0,1,0%,11
файл heic heic в jpg,0,1,0%,11
формат avif в jpg,0,1,0%,11
фото heic в jpg,0,1,0%,11
хайк в джипег,0,1,0%,11
хейк в джпг,0,1,0%,11
写真 軽く,0,1,0%,11
写真画像 圧縮,0,1,0%,11
heic to png ilove,0,1,0%,12
преобразовать heic в jpeg,0,1,0%,13
преобразовать фото heic в jpg,0,1,0%,15
png ajpg,0,1,0%,16
redimensionar foto para perfil whatsapp online,0,1,0%,16
png to jpg converter online,0,1,0%,17
avif placeholder,0,1,0%,19
online convert png to jpg,0,1,0%,19
уменьшить размер фото без потери качества онлайн,0,1,0%,19
画像を圧縮,0,1,0%,19
画像データ 軽くする,0,1,0%,19
pngjpg,0,1,0%,20
redimensionar imagen online,0,1,0%,20
画像 軽量化,0,1,0%,21
heic jpg 변환,0,1,0%,22
снизить вес картинки,0,1,0%,22
ajustar el tamaño de una imagen,0,1,0%,23
png converter to jpg,0,1,0%,23
converter png em webp,0,1,0%,24
dimension imagen,0,1,0%,24
imagen tamaño,0,1,0%,24
pngtojpg,0,1,0%,24
tamaño imagen,0,1,0%,25
change png to jpg,0,1,0%,28
medidas de imagenes,0,1,0%,28
tamaños de imagenes,0,1,0%,29
сжатие фото онлайн,0,1,0%,30
画像容量 小さく サイズ そのまま,0,1,0%,30
png in jpg konvertieren,0,1,0%,32
png convert jpg,0,1,0%,33
이미지 크기 변환 프로그램,0,1,0%,34
dimensiones foto,0,1,0%,37
web jpg,0,1,0%,37
resolucion y tamaño de imagen,0,1,0%,38
tamaño y resolucion de imagenes,0,1,0%,38
изменить размер изображение,0,1,0%,38
foto pixel ändern,0,1,0%,39
.heic vers png,0,1,0%,41
webp konvertieren,0,1,0%,42
画素数 下げる,0,1,0%,45
bilder skalieren ohne qualitätsverlust,0,1,0%,47
jpg towebp,0,1,0%,49
bildgroesse,0,1,0%,51
webp 파일 jpg,0,1,0%,52
webp 파일,0,1,0%,54
webp tojpg,0,1,0%,57
bildgrößen ändern,0,1,0%,58
메타데이터 삭제,0,1,0%,58
avif jpg,0,1,0%,59
image to webp,0,1,0%,59
wep to jpeg,0,1,0%,60
webp in jpg umwandeln,0,1,0%,61
remove image metadata,0,1,0%,62
convert avif to jpg,0,1,0%,64
convert webp to jpg,0,1,0%,64
heif bild,0,1,0%,64
png in jpg umwandeln kostenlos,0,1,0%,64
webp to png,0,1,0%,64
jpg 轉 png,0,1,0%,65
dimensiones de una imagen,0,1,0%,66
bildformat ändern,0,1,0%,67
da heic a png,0,1,0%,67
web para imagem,0,1,0%,67
이미지 압축,0,1,0%,67
png 轉 jpg,0,1,0%,68
webp zu jpg,0,1,0%,68
webp в jpg,0,1,0%,68
이미지 크기 압축,0,1,0%,68
foto format ändern,0,1,0%,69
jpb to webp,0,1,0%,69
convert webp to png,0,1,0%,70
convertir heif en pdf,0,1,0%,70
jpg webp変換,0,1,0%,70
png image to jpg,0,1,0%,70
画像圧縮 フリー,0,1,0%,70
mass png to jpg,0,1,0%,71
avif,0,1,0%,72
heif to jpg converter,0,1,0%,74
webp 변환,0,1,0%,74
da png a jpg,0,1,0%,76
image en résolution,0,1,0%,76
png zu jpg,0,1,0%,76
heic umwandeln in jpg,0,1,0%,77
online png to jpg image converter,0,1,0%,78
heic in jpg umwandeln,0,1,0%,80
png to image,0,1,0%,81
bildskalierer,0,1,0%,83
heif to jpeg,0,1,0%,83
jpg skalieren,0,1,0%,83
bildgroesse website,0,1,0%,87
ухудшить качество,0,1,0%,87
convert png to jpg free online,0,1,0%,93