排名靠前的网页,点击次数,展示,点击率,排名
https://picshift.app/ru/heic-to-png,152,4272,3.56%,6.15
https://picshift.app/ja/image-compressor,101,20120,0.5%,9.1
https://picshift.app/ru/heic-to-jpg,63,4193,1.5%,10.14
https://picshift.app/ru/image-compressor,43,5688,0.76%,12.89
https://picshift.app/es/image-resizer,25,2666,0.94%,22.53
https://picshift.app/ru/avif-to-jpg,11,1703,0.65%,9.2
https://picshift.app/heic-to-webp,10,1480,0.68%,9.15
https://picshift.app/ru/image-resizer,10,534,1.87%,22.29
https://picshift.app/,9,268,3.36%,9.38
https://picshift.app/ru/metadata-remover,7,571,1.23%,9.38
https://picshift.app/ru/heic-to-webp,7,138,5.07%,4.28
https://picshift.app/ar/heic-to-png,6,322,1.86%,7.94
https://picshift.app/ko/metadata-remover,6,215,2.79%,10.86
https://picshift.app/blog/what-is-avif,5,3224,0.16%,8.85
https://picshift.app/ru/webp-to-jpg,5,1434,0.35%,11.4
https://picshift.app/ru,4,95,4.21%,6.89
https://picshift.app/ar,4,63,6.35%,7.05
https://picshift.app/es/webp-to-jpg,3,5367,0.06%,12.8
https://picshift.app/ja,3,85,3.53%,6.87
https://picshift.app/ar/metadata-remover,3,17,17.65%,6.53
https://picshift.app/png-to-jpg,2,867,0.23%,39.34
https://picshift.app/blog/heic-heif-on-windows,2,318,0.63%,9.26
https://picshift.app/ko/webp-to-jpg,2,286,0.7%,9.01
https://picshift.app/metadata-remover,2,96,2.08%,34.03
https://picshift.app/zh-Hant/jpg-png-to-heic,2,8,25%,9.25
https://picshift.app/ko/heif-to-jpg,1,201,0.5%,6.65
https://picshift.app/ko/avif-to-png,1,161,0.62%,6.96
https://picshift.app/ar/webp-to-jpg,1,86,1.16%,8.35
https://picshift.app/avif-to-jpg,1,44,2.27%,41.8
https://picshift.app/zh-Hant/metadata-remover,1,40,2.5%,7.78
https://picshift.app/ru/heif-to-jpg,1,40,2.5%,13.57
https://picshift.app/de/avif-to-jpg,1,39,2.56%,31.85
https://picshift.app/zh/metadata-remover,1,30,3.33%,19.9
https://picshift.app/png-to-webp,1,29,3.45%,26.17
https://picshift.app/pt,1,25,4%,5.76
https://picshift.app/it/heif-to-png,1,20,5%,8.75
https://picshift.app/es,1,19,5.26%,16
https://picshift.app/de,1,18,5.56%,4.94
https://picshift.app/ko/heic-to-png,1,15,6.67%,16.87
https://picshift.app/jpg-to-avif,1,14,7.14%,46.71
https://picshift.app/ko,1,11,9.09%,5.45
https://picshift.app/zh-Hant/heif-to-jpg,1,7,14.29%,6
https://picshift.app/ar/png-to-jpg,1,2,50%,12
https://picshift.app/zh-Hant/heic-to-avif,1,1,100%,1
https://picshift.app/ru/jpg-png-to-heic,1,1,100%,2
https://picshift.app/zh/png-to-jpg,1,1,100%,8
https://picshift.app/blog/social-media-exif-stripping,0,556,0%,9.77
https://picshift.app/de/png-to-jpg,0,376,0%,28.54
https://picshift.app/es/heic-to-png,0,309,0%,18.24
https://picshift.app/heif-to-jpg,0,162,0%,53.88
https://picshift.app/blog/compress-without-losing-quality,0,143,0%,6.64
https://picshift.app/avif-to-webp,0,102,0%,37.17
https://picshift.app/heif-to-png,0,84,0%,24.44
https://picshift.app/avif-to-png,0,84,0%,63.36
https://picshift.app/jpg-to-png,0,82,0%,50.59
https://picshift.app/image-resizer,0,79,0%,26.35
https://picshift.app/ar/heic-to-jpg,0,75,0%,12.95
https://picshift.app/heif-to-webp,0,74,0%,6.88
https://picshift.app/webp-to-png,0,73,0%,45.68
https://picshift.app/png-to-avif,0,70,0%,21.4
https://picshift.app/zh-Hant/image-compressor,0,67,0%,49.19
https://picshift.app/fr/image-resizer,0,60,0%,15.18
https://picshift.app/blog/webp-explained,0,55,0%,13.36
https://picshift.app/ko/image-resizer,0,53,0%,52.81
https://picshift.app/de/webp-to-jpg,0,53,0%,56.77
https://picshift.app/zh-Hant/image-resizer,0,46,0%,16.74
https://picshift.app/docs/image-quality-vs-file-size,0,38,0%,32
https://picshift.app/de/jpg-to-webp,0,37,0%,50.54
https://picshift.app/webp-to-avif,0,37,0%,56.38
https://picshift.app/it,0,33,0%,5.3
https://picshift.app/ru/heif-to-png,0,33,0%,6.09
https://picshift.app/webp-to-jpg,0,33,0%,49.18
https://picshift.app/zh-Hant/heic-to-jpg,0,31,0%,72.68
https://picshift.app/ko/jpg-to-png,0,30,0%,27.1
https://picshift.app/ja/image-resizer,0,29,0%,44.76
https://picshift.app/ru/jpg-to-webp,0,28,0%,27.86
https://picshift.app/ja/jpg-to-webp,0,28,0%,39.36
https://picshift.app/ru/png-to-avif,0,26,0%,18.88
https://picshift.app/ja/metadata-remover,0,24,0%,9.83
https://picshift.app/heif-to-avif,0,24,0%,13.88
https://picshift.app/zh-Hant/png-to-jpg,0,21,0%,52.86
https://picshift.app/zh-Hant/webp-to-jpg,0,20,0%,69.15
https://picshift.app/docs/privacy-local-processing,0,19,0%,4.63
https://picshift.app/es/jpg-to-webp,0,19,0%,17
https://picshift.app/ko/heic-to-jpg,0,19,0%,26.05
https://picshift.app/ru/avif-to-webp,0,19,0%,26.79
https://picshift.app/zh-Hant/jpg-to-png,0,19,0%,61.05
https://picshift.app/heic-to-png,0,18,0%,19.72
https://picshift.app/de/heif-to-jpg,0,18,0%,26.28
https://picshift.app/blog/what-is-avif#a-note-on-jpeg-xl,0,17,0%,8.06
https://picshift.app/blog/what-is-avif#avif-browser-support-in-2026,0,17,0%,8.06
https://picshift.app/docs/why-picshift,0,16,0%,4.06
https://picshift.app/docs,0,16,0%,5.62
https://picshift.app/it/image-resizer,0,16,0%,11.75
https://picshift.app/zh,0,15,0%,21.07
https://picshift.app/heic-to-avif,0,15,0%,30.87
https://picshift.app/ko/jpg-to-webp,0,15,0%,38.8
https://picshift.app/pt/avif-to-jpg,0,14,0%,5.29
https://picshift.app/blog/what-is-avif#where-avif-still-does-not-work,0,14,0%,8.57
https://picshift.app/pt/image-resizer,0,14,0%,14
https://picshift.app/blog/what-is-exif-data,0,14,0%,16.07
https://picshift.app/es/image-compressor,0,14,0%,30.57
https://picshift.app/fr,0,13,0%,5.46
https://picshift.app/heic-to-jpg,0,12,0%,43.92
https://picshift.app/ko/png-to-jpg,0,12,0%,47.83
https://picshift.app/zh-Hant/jpg-to-webp,0,11,0%,46.91
https://picshift.app/de/image-resizer,0,11,0%,55.27
https://picshift.app/it/image-compressor,0,10,0%,7.5
https://picshift.app/ru/png-to-jpg,0,10,0%,17.3
https://picshift.app/de/heic-to-jpg,0,10,0%,62.5
https://picshift.app/zh-Hant/docs/image-quality-vs-file-size,0,9,0%,11.44
https://picshift.app/zh-Hant,0,9,0%,13.89
https://picshift.app/docs/format-compatibility,0,9,0%,29.33
https://picshift.app/jpg-to-webp,0,9,0%,50.56
https://picshift.app/ja/heif-to-png,0,8,0%,4.5
https://picshift.app/image-compressor,0,8,0%,16.5
https://picshift.app/zh/image-compressor,0,8,0%,42.38
https://picshift.app/ko/image-compressor,0,8,0%,61
https://picshift.app/fr/jpg-to-webp,0,8,0%,63
https://picshift.app/ar/heif-to-jpg,0,7,0%,4.43
https://picshift.app/privacy,0,7,0%,5.71
https://picshift.app/ar/heif-to-png,0,7,0%,6
https://picshift.app/de/jpg-to-png,0,7,0%,6.43
https://picshift.app/ru/docs/format-compatibility,0,7,0%,10.14
https://picshift.app/docs/size-increase-explainer,0,7,0%,12.86
https://picshift.app/blog,0,6,0%,9.67
https://picshift.app/de/image-compressor,0,6,0%,10.33
https://picshift.app/pt/docs/image-quality-vs-file-size,0,5,0%,5.2
https://picshift.app/pt/image-compressor,0,5,0%,7
https://picshift.app/pt/jpg-to-webp,0,5,0%,9.6
https://picshift.app/es/heif-to-jpg,0,5,0%,13.6
https://picshift.app/zh-Hant/avif-to-png,0,5,0%,20
https://picshift.app/pt/webp-to-jpg,0,5,0%,23.4
https://picshift.app/pt/png-to-webp,0,5,0%,30.8
https://picshift.app/zh-Hant/avif-to-jpg,0,5,0%,38
https://picshift.app/ko/avif-to-jpg,0,5,0%,41
https://picshift.app/zh-Hant/png-to-webp,0,5,0%,68.6
https://picshift.app/ko/heic-to-webp,0,4,0%,6
https://picshift.app/es/heic-to-avif,0,4,0%,6.75
https://picshift.app/blog/what-is-avif#what-avif-actually-is,0,4,0%,7
https://picshift.app/pt/metadata-remover,0,4,0%,7
https://picshift.app/ko/heif-to-png,0,4,0%,7.75
https://picshift.app/ja/jpg-png-to-heic,0,4,0%,8.25
https://picshift.app/zh-Hant/heic-to-png,0,4,0%,56
https://picshift.app/zh-Hant/heic-to-webp,0,3,0%,1.67
https://picshift.app/es/docs/image-quality-vs-file-size,0,3,0%,5
https://picshift.app/ru/webp-to-heif,0,3,0%,7.33
https://picshift.app/it/jpg-to-avif,0,3,0%,11.33
https://picshift.app/zh/jpg-to-webp,0,3,0%,19.67
https://picshift.app/ru/heif-to-webp,0,3,0%,44.67
https://picshift.app/ko/webp-to-png,0,3,0%,67.33
https://picshift.app/ar/jpg-to-png,0,3,0%,75
https://picshift.app/ar/jpg-to-avif,0,2,0%,1
https://picshift.app/ko/heif-to-webp,0,2,0%,5
https://picshift.app/ja/webp-to-avif,0,2,0%,5.5
https://picshift.app/zh/heic-to-webp,0,2,0%,7.5
https://picshift.app/ko/jpg-to-avif,0,2,0%,8.5
https://picshift.app/de/jpg-to-avif,0,2,0%,9.5
https://picshift.app/fr/heic-to-jpg,0,2,0%,9.5
https://picshift.app/zh-Hant/png-to-avif,0,2,0%,11.5
https://picshift.app/zh/image-resizer,0,2,0%,14.5
https://picshift.app/es/avif-to-jpg,0,2,0%,51.5
https://picshift.app/ko/png-to-webp,0,2,0%,68
https://picshift.app/zh-Hant/webp-to-png,0,2,0%,70
https://picshift.app/ar/docs/image-quality-vs-file-size,0,1,0%,1
https://picshift.app/ar/heic-to-webp,0,1,0%,1
https://picshift.app/it/docs/format-compatibility,0,1,0%,1
https://picshift.app/ru/jpg-to-avif,0,1,0%,1
https://picshift.app/zh/avif-to-webp,0,1,0%,2
https://picshift.app/es/webp-to-png,0,1,0%,3
https://picshift.app/ko/docs,0,1,0%,3
https://picshift.app/es/heif-to-png,0,1,0%,4
https://picshift.app/ru/docs/image-quality-vs-file-size,0,1,0%,4
https://picshift.app/webp-to-heif,0,1,0%,4
https://picshift.app/ar/png-to-webp,0,1,0%,5
https://picshift.app/ru/privacy,0,1,0%,5
https://picshift.app/fr/heif-to-avif,0,1,0%,6
https://picshift.app/ja/heif-to-webp,0,1,0%,6
https://picshift.app/it/jpg-to-webp,0,1,0%,7
https://picshift.app/it/png-to-avif,0,1,0%,7
https://picshift.app/zh-Hant/docs,0,1,0%,7
https://picshift.app/de/metadata-remover,0,1,0%,8
https://picshift.app/de/heif-to-webp,0,1,0%,9
https://picshift.app/fr/heic-to-avif,0,1,0%,9
https://picshift.app/fr/image-compressor,0,1,0%,9
https://picshift.app/ko/docs/format-compatibility,0,1,0%,9
https://picshift.app/pt/heic-to-png,0,1,0%,9
https://picshift.app/pt/heif-to-png,0,1,0%,9
https://picshift.app/zh-Hant/docs/size-increase-explainer,0,1,0%,9
https://picshift.app/ar/jpg-to-webp,0,1,0%,10
https://picshift.app/fr/png-to-jpg,0,1,0%,10
https://picshift.app/it/jpg-to-png,0,1,0%,10
https://picshift.app/ru/webp-to-png,0,1,0%,10
https://picshift.app/zh-Hant/docs/privacy-local-processing,0,1,0%,10
https://picshift.app/zh/webp-to-png,0,1,0%,10
https://picshift.app/blog/png-vs-jpg,0,1,0%,11
https://picshift.app/blog/what-is-avif#how-small-is-smaller,0,1,0%,11
https://picshift.app/blog/what-is-avif#when-to-use-avif-and-when-to-skip-it,0,1,0%,11
https://picshift.app/es/docs/format-compatibility,0,1,0%,11
https://picshift.app/pt/docs/format-compatibility,0,1,0%,11
https://picshift.app/fr/heif-to-jpg,0,1,0%,12
https://picshift.app/fr/docs/image-quality-vs-file-size,0,1,0%,13
https://picshift.app/zh-Hant/heif-to-avif,0,1,0%,17
https://picshift.app/ru/avif-to-png,0,1,0%,20
https://picshift.app/es/jpg-to-png,0,1,0%,21
https://picshift.app/zh/jpg-png-to-heic,0,1,0%,23
https://picshift.app/pt/jpg-to-png,0,1,0%,26
https://picshift.app/es/jpg-to-avif,0,1,0%,45
https://picshift.app/zh-Hant/docs/format-compatibility,0,1,0%,46
https://picshift.app/es/heic-to-jpg,0,1,0%,66
https://picshift.app/it/png-to-jpg,0,1,0%,75
https://picshift.app/zh-Hant/jpg-to-avif,0,1,0%,88